,train_targs,train_preds
0,0,0
1,1,1
2,0,0
3,1,1
4,0,0
5,1,1
6,1,1
7,0,0
8,1,1
9,0,0
10,1,1
11,0,0
12,0,0
13,0,0
14,1,1
15,0,0
16,0,0
17,0,0
18,1,1
19,1,1
20,1,1
21,0,0
22,1,1
23,1,1
24,0,0
25,1,1
26,0,0
27,0,0
28,0,0
29,0,0
30,1,0
31,1,1
32,1,1
33,1,1
34,0,0
35,1,1
36,1,1
37,1,1
38,1,1
39,0,0
40,1,1
41,0,0
42,0,0
43,0,0
44,1,1
45,0,0
46,0,0
47,0,0
48,1,1
49,0,0
50,0,0
51,0,0
52,0,0
53,1,1
54,0,0
55,0,0
56,1,1
57,1,1
58,0,0
59,0,0
60,1,1
61,0,0
62,0,1
63,1,1
64,0,0
65,0,0
66,1,1
67,0,0
68,0,0
69,1,1
70,0,0
71,1,1
72,0,0
73,0,0
74,1,1
75,0,0
76,1,0
77,1,1
78,0,0
79,0,0
80,0,0
81,0,0
82,1,1
83,1,1
84,0,0
85,0,0
86,1,1
87,1,1
88,0,0
89,1,1
90,1,1
91,0,0
92,1,1
93,0,0
94,1,1
95,0,0
96,1,1
97,0,0
98,0,0
99,1,1
100,0,0
101,0,0
102,1,1
103,1,1
104,1,1
105,0,0
106,1,1
107,1,1
108,1,1
109,1,1
110,0,0
111,0,0
112,0,1
113,0,0
114,0,0
115,0,0
116,1,1
117,1,1
118,1,1
119,1,1
120,1,1
121,1,1
122,1,1
123,0,0
124,0,0
125,0,0
126,1,1
127,0,0
128,1,1
129,0,0
130,1,1
131,1,1
132,0,0
133,0,0
134,0,0
135,1,1
136,1,1
137,0,0
138,0,0
139,1,1
140,1,1
141,0,0
142,1,1
143,1,1
144,0,0
145,0,0
146,1,1
147,0,1
148,0,0
149,1,1
150,1,1
151,0,0
152,1,1
153,1,1
154,1,1
155,0,0
156,0,0
157,1,1
158,1,1
159,1,0
160,0,0
161,0,0
162,0,0
163,1,1
164,1,1
165,0,0
166,0,0
167,0,1
168,1,1
169,0,0
170,1,1
171,0,0
172,0,0
173,1,1
174,0,0
175,0,0
176,0,0
177,1,1
178,0,1
179,1,1
180,0,0
181,0,0
182,1,1
183,1,1
184,1,1
185,1,0
186,1,0
187,1,1
188,0,0
189,0,1
190,1,1
191,0,0
192,0,0
193,1,1
194,1,1
195,1,1
196,1,1
197,0,0
198,0,0
199,0,0
200,1,1
201,0,0
202,0,0
203,1,1
204,0,0
205,0,0
206,0,0
207,0,0
208,1,1
209,0,0
210,1,1
211,1,1
212,0,0
213,0,0
214,1,1
215,0,0
216,1,1
217,0,0
218,1,1
219,0,0
220,1,1
221,1,1
222,1,1
223,1,1
224,0,0
225,1,1
226,1,1
227,0,0
228,1,1
229,1,0
230,0,0
231,0,0
232,1,1
233,1,1
234,1,1
235,1,1
236,1,1
237,1,1
238,0,0
239,0,0
240,0,0
241,1,1
242,0,0
243,1,1
244,1,1
245,1,1
246,0,0
247,0,0
248,1,1
249,1,1
250,1,1
251,0,0
252,1,1
253,1,1
254,0,0
255,1,1
256,1,1
257,1,1
258,1,1
259,1,1
260,1,1
261,0,0
262,1,1
263,0,0
264,0,0
265,1,1
266,0,0
267,0,0
268,0,0
269,1,1
270,1,1
271,0,0
272,1,1
273,0,0
274,0,0
275,0,0
276,0,0
277,1,1
278,0,0
279,0,0
280,1,1
281,0,0
282,1,1
283,1,1
284,1,1
285,1,1
286,0,0
287,1,1
288,1,1
289,0,0
290,0,0
291,1,1
292,1,0
293,0,0
294,0,0
295,1,1
296,1,1
297,1,1
298,1,1
299,1,1
300,1,1
301,1,1
302,1,1
303,1,1
304,1,1
305,0,0
306,1,1
307,1,0
308,1,1
309,0,0
310,1,1
311,0,0
312,1,1
313,0,0
314,0,0
315,1,1
316,0,0
317,1,1
318,0,0
319,0,0
320,1,1
321,1,1
322,0,0
323,0,0
324,1,1
325,1,1
326,1,1
327,1,1
328,0,0
329,1,1
330,1,1
331,1,1
332,0,0
333,1,1
334,0,0
335,0,0
336,0,0
337,1,1
338,1,1
339,0,0
340,0,0
341,1,1
342,1,1
343,0,0
344,0,0
345,1,1
346,1,1
347,0,0
348,1,1
349,1,1
350,1,1
351,0,0
352,1,1
353,0,0
354,1,1
355,1,1
356,0,0
357,0,0
358,1,1
359,1,1
360,0,0
361,0,0
362,1,1
363,1,1
364,0,1
365,0,0
366,0,0
367,0,0
368,0,0
369,0,0
370,0,0
371,0,0
372,1,1
373,1,1
374,1,1
375,1,1
376,1,1
377,0,0
378,1,1
379,0,0
380,1,1
381,1,1
382,0,1
383,1,1
384,0,0
385,0,0
386,1,1
387,0,0
388,0,0
389,1,1
390,1,1
391,0,0
392,1,1
393,0,0
394,0,0
395,1,1
396,1,1
397,1,1
398,1,1
399,0,0
400,0,0
401,0,0
402,1,1
403,0,0
404,1,1
405,0,0
406,1,1
407,1,0
408,1,1
409,0,0
410,0,0
411,0,0
412,0,0
413,0,0
414,1,1
415,0,0
416,1,1
417,1,0
418,1,1
419,1,1
420,1,1
421,1,1
422,1,1
423,0,0
424,0,0
425,1,0
426,0,0
427,1,1
428,1,1
429,1,1
430,1,1
431,1,1
432,0,1
433,1,1
434,1,1
435,1,1
436,0,0
437,0,0
438,1,1
439,1,1
440,0,0
441,0,0
442,0,1
443,0,0
444,0,0
445,0,0
446,1,1
447,1,1
448,0,1
449,0,0
450,1,0
451,0,0
452,1,1
453,0,0
454,0,0
455,0,0
456,1,1
457,1,1
458,0,0
459,0,0
460,1,1
461,0,0
462,1,1
463,0,0
464,1,1
465,0,0
466,1,1
467,1,1
468,0,0
469,0,0
470,0,0
471,0,1
472,0,1
473,1,0
474,1,1
475,0,0
476,0,0
477,1,1
478,0,0
479,1,1
480,0,0
481,0,0
482,0,0
483,0,0
484,0,0
485,1,1
486,1,1
487,0,0
488,0,0
489,1,1
490,0,0
491,0,0
492,1,1
493,1,1
494,1,1
495,0,0
496,0,0
497,1,1
498,0,0
499,0,0
500,0,0
501,1,1
502,1,1
503,0,0
504,0,0
505,0,0
506,0,0
507,0,1
508,1,1
509,1,1
510,0,0
511,1,1
512,1,1
513,1,1
514,0,0
515,0,0
516,1,1
517,0,0
518,1,1
519,1,1
520,1,1
521,0,0
522,1,1
523,0,0
524,1,1
525,1,1
526,0,0
527,1,1
528,0,0
529,0,0
530,0,0
531,0,0
532,0,0
533,0,0
534,0,0
535,1,1
536,0,0
537,0,0
538,0,0
539,0,0
540,0,0
541,1,1
542,0,0
543,1,1
544,1,1
545,0,0
546,0,0
547,1,1
548,0,0
549,1,1
550,1,1
551,0,0
552,1,1
553,0,0
554,1,1
555,1,1
556,0,0
557,0,0
558,0,0
559,1,1
560,1,1
561,1,1
562,1,1
563,0,0
564,1,1
565,1,1
566,0,0
567,1,1
568,1,1
569,1,1
570,0,0
571,0,0
572,1,1
573,1,1
574,0,0
575,1,1
576,0,0
577,0,0
578,1,1
579,1,1
580,1,1
581,1,1
582,0,0
583,0,0
584,0,0
585,1,1
586,1,1
587,1,1
588,1,1
589,0,0
590,1,1
591,0,0
592,1,1
593,1,1
594,1,1
595,1,1
596,1,1
597,0,1
598,0,0
599,1,1
600,0,0
601,0,0
602,0,0
603,1,1
604,1,1
605,0,0
606,0,0
607,1,1
608,1,1
609,0,1
610,1,1
611,1,1
612,1,1
613,0,0
614,0,0
615,1,1
616,1,1
617,0,0
618,1,1
619,0,0
620,0,0
621,1,1
622,1,1
623,1,1
624,1,1
625,1,1
626,0,0
627,1,1
628,0,0
629,0,0
630,0,0
631,1,1
632,0,0
633,1,1
634,1,1
635,1,1
636,1,1
637,0,0
638,0,0
639,1,1
640,1,1
641,0,0
642,0,1
643,1,1
644,0,1
645,0,0
646,0,0
647,0,0
648,1,1
649,1,1
650,0,0
651,1,1
652,0,0
653,0,0
654,0,0
655,0,0
656,1,1
657,0,0
658,1,1
659,1,1
660,0,0
661,1,1
662,1,1
663,1,1
664,1,1
665,1,1
666,0,0
667,0,0
668,1,1
669,1,1
670,1,1
671,0,0
672,0,0
673,0,0
674,0,0
675,0,0
676,0,0
677,0,0
678,1,1
679,1,0
680,0,0
681,0,0
682,0,0
683,1,1
684,1,1
685,0,0
686,1,1
687,1,1
688,1,1
689,1,1
690,1,1
691,0,0
692,1,1
693,0,1
694,1,1
695,1,1
696,1,1
697,1,1
698,0,0
699,1,1
700,0,0
701,0,0
702,0,0
703,1,1
704,1,0
705,0,1
706,0,0
707,1,1
708,1,1
709,0,0
710,0,0
711,1,1
712,1,1
713,0,0
714,1,1
715,0,0
716,1,1
717,1,1
718,0,0
719,0,0
720,1,1
721,1,1
722,1,1
723,1,1
724,1,1
725,0,0
726,0,0
727,1,1
728,1,1
729,0,0
730,1,1
731,0,0
732,0,0
733,0,0
734,1,1
735,1,1
736,1,1
737,1,1
738,1,1
739,0,0
740,0,0
741,1,1
742,0,0
743,0,0
744,1,1
745,0,0
746,1,1
747,0,0
748,1,1
749,0,0
750,1,1
751,1,1
752,0,0
753,0,0
754,0,0
755,1,1
756,1,1
757,0,0
758,1,1
759,0,0
760,1,0
761,1,1
762,1,1
763,1,1
764,0,0
765,0,0
766,1,1
767,1,1
768,1,1
769,1,1
770,0,0
771,0,0
772,0,0
773,1,1
774,1,1
775,0,0
776,0,0
777,0,0
778,0,0
779,0,0
780,1,1
781,0,0
782,1,1
783,1,1
784,1,1
785,0,0
786,0,1
787,1,1
788,1,1
789,1,1
790,0,0
791,0,0
792,1,1
793,0,0
794,0,0
795,1,1
796,0,0
797,0,0
798,1,1
799,1,1
800,1,1
801,0,0
802,0,0
803,1,1
804,1,1
805,0,0
806,1,0
807,0,0
808,0,0
809,1,1
810,0,0
811,1,1
812,0,0
813,0,0
814,0,0
815,1,1
816,0,0
817,0,0
818,0,0
819,1,1
820,0,0
821,0,0
822,1,1
823,0,0
824,0,0
825,0,0
826,0,0
827,1,1
828,1,1
829,1,1
830,1,1
831,1,1
832,0,0
833,1,1
834,0,0
835,0,0
836,0,0
837,0,0
838,0,1
839,1,1
840,0,0
841,1,1
842,0,0
843,1,1
844,0,0
845,0,0
846,1,1
847,0,0
848,0,0
849,1,1
850,0,0
851,1,1
852,0,0
853,1,1
854,1,1
855,1,1
856,0,0
857,0,0
858,0,0
859,1,1
860,1,1
861,1,1
862,1,1
863,0,0
864,0,0
865,1,1
866,0,0
867,1,1
868,0,0
869,0,0
870,1,1
871,0,0
872,1,1
873,1,1
874,0,0
875,1,1
876,0,0
877,1,1
878,1,1
879,1,0
880,0,0
881,0,0
882,0,0
883,0,0
884,0,0
885,1,1
886,1,1
887,0,0
888,1,1
889,1,1
890,1,1
891,0,0
892,1,1
893,0,0
894,0,1
895,0,0
896,1,1
897,0,0
898,1,1
899,0,0
900,1,1
901,1,1
902,0,0
903,0,0
904,0,0
905,1,1
906,0,0
907,1,1
908,1,1
909,1,1
910,0,0
911,0,0
912,1,1
913,0,0
914,1,1
915,1,1
916,0,0
917,0,0
918,0,0
919,1,1
920,1,1
921,0,1
922,1,1
923,1,0
924,0,0
925,1,1
926,0,0
927,1,1
928,0,0
929,0,0
930,1,1
931,1,1
932,1,1
933,1,1
934,1,1
935,0,0
936,1,1
937,0,0
938,0,0
939,0,0
940,1,1
941,1,1
942,1,1
943,1,1
944,0,0
945,1,1
946,1,1
947,1,1
948,1,1
949,0,0
950,1,1
951,0,0
952,1,1
953,1,1
954,0,0
955,1,1
956,1,1
957,0,0
958,0,0
959,0,0
960,1,1
961,1,1
962,1,1
963,1,1
964,0,0
965,0,0
966,1,1
967,0,0
968,1,1
969,1,1
970,1,1
971,1,1
972,0,0
973,1,1
974,0,0
975,0,0
976,0,0
977,1,1
978,1,1
979,1,0
980,1,1
981,0,0
982,1,1
983,0,0
984,1,1
985,0,0
986,0,0
987,0,0
988,1,1
989,0,0
990,1,1
991,1,1
992,0,0
993,1,1
994,0,0
995,0,0
996,1,1
997,0,0
998,0,0
999,1,1
1000,1,1
1001,1,1
1002,0,0
1003,1,1
1004,1,1
1005,0,0
1006,1,1
1007,1,1
1008,0,1
1009,0,0
1010,1,0
1011,1,1
1012,0,1
1013,1,1
1014,1,1
1015,1,1
1016,0,0
1017,1,1
1018,1,1
1019,1,1
1020,0,0
1021,1,1
1022,1,1
1023,0,0
1024,0,0
1025,0,0
1026,0,0
1027,1,1
1028,1,1
1029,0,0
1030,0,0
1031,0,0
1032,1,1
1033,0,0
1034,1,1
1035,1,1
1036,1,1
1037,0,0
1038,0,0
1039,1,1
1040,0,1
1041,0,0
1042,0,0
1043,1,1
1044,1,1
1045,1,1
1046,0,0
1047,1,1
1048,0,0
1049,1,1
1050,0,0
1051,0,0
1052,0,0
1053,0,0
1054,0,0
1055,1,1
1056,0,0
1057,1,1
1058,0,1
1059,0,0
1060,1,1
1061,0,0
1062,0,0
1063,0,0
1064,0,0
1065,0,0
1066,1,0
1067,1,1
1068,0,0
1069,1,1
1070,1,1
1071,0,0
1072,1,1
1073,1,1
1074,1,1
1075,1,1
1076,0,0
1077,1,1
1078,0,0
1079,1,1
1080,0,0
1081,0,0
1082,0,0
1083,0,0
1084,0,0
1085,1,1
1086,1,1
1087,0,0
1088,0,0
1089,0,0
1090,1,1
1091,1,1
1092,1,1
1093,0,0
1094,0,0
1095,0,0
1096,0,0
1097,0,0
1098,0,0
1099,0,1
1100,0,0
1101,1,1
1102,0,0
1103,0,0
1104,0,0
1105,1,1
1106,0,0
1107,0,0
1108,1,0
1109,0,0
1110,1,1
1111,0,0
1112,1,1
1113,0,0
1114,1,1
1115,0,0
1116,0,0
1117,1,1
1118,1,1
1119,0,0
1120,0,0
1121,0,0
1122,1,1
1123,1,1
1124,0,0
1125,0,0
1126,1,1
1127,1,1
1128,0,0
1129,0,0
1130,0,0
1131,0,0
1132,1,1
1133,0,0
1134,1,0
1135,0,0
1136,0,0
1137,0,0
1138,0,0
1139,0,0
1140,0,0
1141,1,1
1142,0,0
1143,0,0
1144,1,1
1145,0,0
1146,0,0
1147,0,0
1148,0,0
1149,0,0
1150,1,1
1151,0,1
1152,0,0
1153,1,1
1154,1,1
1155,1,1
1156,1,1
1157,0,1
1158,0,0
1159,1,1
1160,1,1
1161,0,0
1162,0,0
1163,1,1
1164,1,1
1165,0,0
1166,1,1
1167,0,0
1168,1,1
1169,0,0
1170,1,0
1171,1,0
1172,0,0
1173,1,1
1174,1,1
1175,0,0
1176,1,1
1177,0,0
1178,0,0
1179,0,0
1180,0,0
1181,1,1
1182,1,1
1183,1,1
1184,1,1
1185,0,0
1186,0,0
1187,1,1
1188,1,1
1189,1,1
1190,0,0
1191,1,1
1192,0,0
1193,1,1
1194,0,0
1195,1,1
1196,0,0
1197,0,0
1198,1,0
1199,1,1
1200,1,0
1201,0,0
1202,0,0
1203,1,1
1204,1,1
1205,1,1
1206,1,1
1207,0,0
1208,0,0
1209,0,0
1210,0,0
1211,1,1
1212,0,0
1213,1,1
1214,0,0
1215,1,1
1216,1,1
1217,0,0
1218,0,0
1219,1,1
1220,0,0
1221,1,1
1222,0,0
1223,1,1
1224,0,0
1225,0,0
1226,0,0
1227,1,1
1228,1,1
1229,0,0
1230,1,1
1231,1,1
1232,0,1
1233,1,1
1234,0,0
1235,0,0
1236,0,0
1237,1,1
1238,0,0
1239,1,1
1240,1,1
1241,1,0
1242,1,1
1243,1,1
1244,0,0
1245,0,0
1246,0,0
1247,0,0
1248,0,0
1249,1,1
1250,0,0
1251,1,1
1252,1,1
1253,1,1
1254,0,0
1255,1,1
1256,1,1
1257,1,1
1258,1,1
1259,1,0
1260,0,0
1261,0,0
1262,1,1
1263,1,1
1264,1,1
1265,0,0
1266,0,0
1267,1,1
1268,1,0
1269,0,0
1270,0,0
1271,0,0
1272,1,1
1273,0,0
1274,0,0
1275,1,0
1276,0,0
1277,1,1
1278,0,0
1279,1,1
1280,1,1
1281,1,1
1282,0,0
1283,0,0
1284,1,1
1285,1,1
1286,0,0
1287,1,1
1288,1,1
1289,0,0
1290,0,0
1291,1,1
1292,0,0
1293,1,1
1294,1,1
1295,0,0
1296,1,1
1297,0,0
1298,0,0
1299,0,0
1300,0,0
1301,0,0
1302,0,0
1303,1,1
1304,1,1
1305,0,0
1306,0,0
1307,0,0
1308,1,1
1309,1,1
1310,1,1
1311,1,1
1312,0,0
1313,0,0
1314,1,0
1315,1,1
1316,0,1
1317,1,1
1318,0,0
1319,1,1
1320,0,1
1321,1,1
1322,1,1
1323,0,1
1324,1,1
1325,1,1
1326,1,1
1327,0,0
1328,0,0
1329,1,1
1330,0,1
1331,0,0
1332,0,0
1333,0,0
1334,0,0
1335,0,0
1336,1,1
1337,0,0
1338,1,1
1339,1,1
1340,1,1
1341,1,1
1342,0,0
1343,0,1
1344,0,0
1345,1,1
1346,1,1
1347,0,0
1348,1,1
1349,0,0
1350,1,1
1351,0,0
1352,1,1
1353,1,1
1354,1,1
1355,1,1
1356,1,1
1357,0,0
1358,1,0
1359,0,0
1360,1,1
1361,0,0
1362,0,0
1363,0,0
1364,0,0
1365,0,0
1366,0,0
1367,0,0
1368,0,0
1369,0,0
1370,1,1
1371,0,0
1372,1,1
1373,1,1
1374,1,1
1375,0,0
1376,0,0
1377,0,0
1378,1,1
1379,0,0
1380,0,0
1381,0,0
1382,1,1
1383,0,0
1384,1,1
1385,0,1
1386,0,0
1387,1,1
1388,0,0
1389,0,0
1390,1,1
1391,0,0
1392,1,1
1393,1,1
1394,0,0
1395,0,0
1396,0,0
1397,0,0
1398,1,1
1399,1,1
1400,0,0
1401,1,1
1402,0,0
1403,0,0
1404,0,0
1405,0,0
1406,1,0
1407,0,0
1408,1,1
1409,0,0
1410,1,1
1411,0,0
1412,0,0
1413,1,1
1414,0,0
1415,0,0
1416,0,0
1417,0,0
1418,0,0
1419,0,0
1420,0,0
1421,1,1
1422,0,0
1423,1,1
1424,0,0
1425,1,1
1426,0,0
1427,1,1
1428,1,0
1429,0,1
1430,0,0
1431,0,0
1432,1,1
1433,1,1
1434,0,0
1435,0,0
1436,1,1
1437,0,0
1438,1,1
1439,0,0
1440,0,0
1441,1,1
1442,1,1
1443,0,0
1444,0,0
1445,0,0
1446,1,1
1447,1,1
1448,0,0
1449,1,1
1450,1,1
1451,0,0
1452,1,1
1453,0,0
1454,1,1
1455,0,0
1456,1,1
1457,1,1
1458,0,1
1459,1,1
1460,0,0
1461,0,0
1462,0,0
1463,1,1
1464,1,1
1465,0,0
1466,0,0
1467,0,0
1468,0,0
1469,0,0
1470,1,1
1471,0,0
1472,0,0
1473,0,0
1474,1,1
1475,0,0
1476,1,1
1477,1,1
1478,1,1
1479,0,0
1480,1,1
1481,1,0
1482,1,1
1483,1,1
1484,1,1
1485,0,0
1486,0,0
1487,0,0
1488,0,0
1489,0,0
1490,0,0
1491,0,0
1492,0,1
1493,1,1
1494,1,1
1495,0,0
1496,0,0
1497,0,0
1498,0,0
1499,0,0
1500,1,1
1501,1,1
1502,0,0
1503,1,0
1504,0,0
1505,0,0
1506,1,1
1507,0,0
1508,0,0
1509,1,1
1510,0,0
1511,0,0
1512,0,0
1513,0,0
1514,0,0
1515,0,0
1516,1,1
1517,1,1
1518,1,1
1519,1,1
1520,0,0
1521,0,0
1522,0,0
1523,1,1
1524,1,1
1525,1,1
1526,0,0
1527,1,1
1528,0,0
1529,1,1
1530,0,0
1531,0,0
1532,0,1
1533,1,1
1534,0,0
1535,0,0
1536,1,1
1537,1,1
1538,0,0
1539,1,1
1540,1,1
1541,0,0
1542,0,0
1543,1,1
1544,0,0
1545,0,0
1546,1,1
1547,0,0
1548,0,0
1549,1,0
1550,1,1
1551,0,0
1552,1,1
1553,1,1
1554,0,0
1555,1,1
1556,0,0
1557,1,0
1558,1,1
1559,0,1
1560,1,0
1561,0,0
1562,1,1
1563,1,1
1564,1,1
1565,0,0
1566,0,0
1567,1,1
1568,0,0
1569,0,0
1570,1,1
1571,1,1
1572,1,1
1573,0,0
1574,1,1
1575,0,0
1576,1,1
1577,0,0
1578,1,1
1579,0,0
1580,0,0
1581,1,1
1582,1,1
1583,1,1
1584,1,1
1585,0,0
1586,1,1
1587,1,1
1588,0,0
1589,0,0
1590,0,0
1591,0,0
1592,0,0
1593,0,0
1594,0,0
1595,0,0
1596,0,0
1597,1,1
1598,1,1
1599,0,1
1600,1,1
1601,1,1
1602,1,1
1603,1,1
1604,0,0
1605,0,1
1606,0,0
1607,1,1
1608,1,0
1609,0,0
1610,1,0
1611,1,1
1612,0,0
1613,0,0
1614,1,0
1615,0,0
1616,0,0
1617,0,0
1618,0,0
1619,1,1
1620,1,1
1621,1,1
1622,0,0
1623,1,1
1624,0,0
1625,0,0
1626,0,0
1627,1,1
1628,1,1
1629,1,1
1630,0,0
1631,1,1
1632,0,0
1633,0,0
1634,1,1
1635,1,1
1636,1,1
1637,0,0
1638,0,0
1639,0,0
1640,0,0
1641,1,1
1642,1,1
1643,0,0
1644,1,1
1645,1,1
1646,1,1
1647,0,0
1648,0,0
1649,1,1
1650,0,0
1651,0,0
1652,0,0
1653,0,0
1654,1,1
1655,0,0
1656,1,0
1657,0,0
1658,1,1
1659,1,1
1660,1,0
1661,0,0
1662,0,0
1663,1,1
1664,0,0
1665,0,0
1666,0,0
1667,0,0
1668,1,1
1669,1,1
1670,1,1
1671,0,0
1672,0,0
1673,1,1
1674,1,1
1675,1,1
1676,0,0
1677,0,1
1678,0,0
1679,0,1
1680,0,0
1681,1,1
1682,1,1
1683,1,1
1684,1,0
1685,0,0
1686,1,1
1687,1,1
1688,1,1
1689,1,1
1690,1,1
1691,0,0
1692,1,1
1693,1,1
1694,1,0
1695,0,0
1696,0,0
1697,0,0
1698,1,1
1699,1,1
1700,1,1
1701,1,1
1702,1,1
1703,1,1
1704,1,1
1705,0,0
1706,1,1
1707,0,0
1708,0,0
1709,0,0
1710,1,1
1711,0,0
1712,0,0
1713,1,1
1714,1,1
1715,0,0
1716,0,0
1717,1,1
1718,0,0
1719,0,0
1720,0,0
1721,0,0
1722,1,1
1723,0,1
1724,1,1
1725,0,1
1726,0,0
1727,1,0
1728,0,0
1729,1,1
1730,1,1
1731,0,0
1732,0,0
1733,1,1
1734,1,1
1735,1,1
1736,0,1
1737,0,0
1738,0,0
1739,1,1
1740,0,0
1741,0,0
1742,1,1
1743,1,0
1744,1,1
1745,1,1
1746,0,0
1747,0,0
1748,0,0
1749,1,1
1750,1,1
1751,1,1
1752,0,0
1753,0,0
1754,1,1
1755,0,0
1756,0,0
1757,1,1
1758,1,1
1759,1,1
1760,1,1
1761,0,0
1762,0,0
1763,0,0
1764,1,1
1765,1,1
1766,1,1
1767,1,1
1768,1,1
1769,1,1
1770,1,0
1771,0,0
1772,0,0
1773,0,0
1774,0,0
1775,0,0
1776,1,1
1777,1,1
1778,0,0
1779,1,1
1780,1,1
1781,0,0
1782,1,0
1783,1,1
1784,0,0
1785,1,1
1786,0,0
1787,0,0
1788,1,1
1789,1,1
1790,0,0
1791,0,0
1792,0,0
1793,1,1
1794,0,0
1795,0,0
1796,1,1
1797,0,0
1798,1,1
1799,1,1
1800,0,0
1801,1,1
1802,1,1
1803,0,0
1804,1,1
1805,1,1
1806,1,1
1807,0,0
1808,1,1
1809,1,0
1810,0,0
1811,0,0
1812,0,0
1813,0,1
1814,1,1
1815,0,0
1816,1,1
1817,1,1
1818,0,0
1819,0,0
1820,1,0
1821,0,0
1822,0,0
1823,0,0
1824,0,0
1825,0,1
1826,1,1
1827,0,0
1828,1,1
1829,0,1
1830,1,1
1831,1,1
1832,1,1
1833,1,1
1834,1,1
1835,0,1
1836,1,1
1837,1,1
1838,1,1
1839,1,1
1840,0,0
1841,0,0
1842,1,1
1843,1,1
1844,1,1
1845,0,0
1846,1,1
1847,0,0
1848,0,0
1849,1,1
1850,1,1
1851,0,1
1852,0,0
1853,1,1
1854,1,1
1855,0,0
1856,0,0
1857,1,1
1858,0,0
1859,0,0
1860,1,1
1861,1,1
1862,0,0
1863,1,0
1864,0,0
1865,0,0
1866,1,1
1867,1,1
1868,0,0
1869,0,0
1870,1,1
1871,0,0
1872,0,1
1873,1,1
1874,1,1
1875,1,1
1876,0,0
1877,1,1
1878,0,0
1879,0,0
1880,1,0
1881,1,1
1882,0,1
1883,0,0
1884,0,1
1885,0,0
1886,1,1
1887,0,0
1888,0,0
1889,1,1
1890,1,1
1891,0,0
1892,0,0
1893,0,0
1894,1,1
1895,1,1
1896,0,0
1897,0,0
1898,1,1
1899,0,0
1900,1,1
1901,0,0
1902,1,1
1903,0,0
1904,0,0
1905,1,1
1906,1,1
1907,1,1
1908,0,0
1909,1,1
1910,0,1
1911,1,1
1912,0,0
1913,1,1
1914,1,1
1915,1,1
1916,1,1
1917,1,1
1918,0,0
1919,1,1
1920,1,1
1921,0,0
1922,1,1
1923,0,0
1924,1,1
1925,1,1
1926,0,0
1927,0,0
1928,0,0
1929,1,1
1930,1,1
1931,1,1
1932,1,1
1933,0,0
1934,0,0
1935,0,0
1936,0,0
1937,0,0
1938,1,1
1939,0,0
1940,1,1
1941,1,0
1942,1,1
1943,0,0
1944,0,0
1945,1,1
1946,0,0
1947,0,0
1948,0,0
1949,0,0
1950,1,1
1951,1,1
1952,1,0
1953,0,0
1954,0,0
1955,1,1
1956,1,1
1957,0,0
1958,0,0
1959,0,1
1960,0,0
1961,0,0
1962,1,1
1963,1,1
1964,0,0
1965,1,1
1966,1,1
1967,0,0
1968,1,1
1969,0,1
1970,0,0
1971,1,1
1972,0,0
1973,1,1
1974,0,0
1975,1,1
1976,0,0
1977,0,1
1978,1,1
1979,1,1
1980,0,0
1981,0,0
1982,1,0
1983,0,0
1984,0,0
1985,1,1
1986,0,0
1987,1,1
1988,1,1
1989,1,1
1990,1,0
1991,0,0
1992,0,0
1993,1,1
1994,1,1
1995,0,0
1996,1,1
1997,0,0
1998,0,0
1999,1,1
2000,0,0
2001,1,1
2002,1,0
2003,0,0
2004,0,0
2005,0,0
2006,0,0
2007,0,0
2008,1,0
2009,0,0
2010,0,0
2011,0,0
2012,1,1
2013,1,1
2014,0,0
2015,0,0
2016,1,1
2017,0,0
2018,1,1
2019,0,0
2020,1,1
2021,1,1
2022,0,0
2023,0,0
2024,1,1
2025,0,0
2026,1,1
2027,0,0
2028,0,0
2029,1,1
2030,1,1
2031,1,1
2032,0,0
2033,0,0
2034,0,0
2035,0,1
2036,0,0
2037,1,0
2038,0,0
2039,0,0
2040,1,1
2041,0,0
2042,0,0
2043,0,0
2044,0,0
2045,1,1
2046,0,0
2047,1,1
2048,1,1
2049,1,1
2050,0,0
2051,1,1
2052,1,1
2053,1,1
2054,1,1
2055,0,0
2056,1,1
2057,1,1
2058,0,0
2059,1,1
2060,1,1
2061,0,1
2062,1,1
2063,0,0
2064,0,0
2065,0,0
2066,1,0
2067,1,1
2068,0,0
2069,1,1
2070,0,0
2071,1,1
2072,1,1
2073,0,0
2074,0,0
2075,1,1
2076,0,0
2077,1,1
2078,0,0
2079,0,0
2080,0,0
2081,0,0
2082,0,0
2083,0,0
2084,0,0
2085,1,1
2086,0,0
2087,1,1
2088,1,1
2089,1,1
2090,0,0
2091,0,0
2092,1,1
2093,0,0
2094,0,0
2095,1,1
2096,0,0
2097,0,0
2098,1,1
2099,1,1
2100,0,0
2101,1,1
2102,0,0
2103,1,1
2104,1,1
2105,1,1
2106,0,0
2107,1,1
2108,1,1
2109,1,1
2110,1,0
2111,1,1
2112,1,1
2113,1,1
2114,0,0
2115,1,1
2116,0,0
2117,1,1
2118,1,1
2119,0,0
2120,0,0
2121,0,0
2122,0,0
2123,0,0
2124,1,1
2125,1,1
2126,0,0
2127,0,0
2128,1,1
2129,1,1
2130,1,1
2131,1,1
2132,0,0
2133,0,0
2134,1,1
2135,0,0
2136,0,0
2137,0,0
2138,1,1
2139,1,1
2140,1,1
2141,0,0
2142,1,1
2143,1,1
2144,1,1
2145,1,0
2146,1,1
2147,1,1
2148,1,1
2149,0,0
2150,0,0
2151,1,1
2152,1,1
2153,1,1
2154,1,1
2155,0,0
2156,1,1
2157,1,1
2158,1,1
2159,1,1
2160,1,1
2161,0,0
2162,0,0
2163,0,0
2164,1,1
2165,1,1
2166,1,1
2167,0,0
2168,0,0
2169,0,0
2170,1,1
2171,0,0
2172,1,1
2173,0,0
2174,0,0
2175,1,1
2176,1,1
2177,0,1
2178,0,0
2179,0,0
2180,1,1
2181,0,0
2182,1,1
2183,1,1
2184,0,0
2185,1,0
2186,0,0
2187,1,1
2188,1,1
2189,0,0
2190,0,0
2191,0,0
2192,0,0
2193,0,0
2194,0,0
2195,0,0
2196,1,1
2197,1,1
2198,0,0
2199,1,1
2200,1,1
2201,1,1
2202,0,0
2203,0,0
2204,0,0
2205,0,0
2206,1,1
2207,0,0
2208,0,0
2209,0,0
2210,0,0
2211,0,0
2212,1,0
2213,0,0
2214,0,0
2215,0,0
2216,0,0
2217,0,0
2218,1,1
2219,1,1
2220,1,1
2221,0,0
2222,0,0
2223,0,0
2224,1,1
2225,0,0
2226,0,0
2227,1,1
2228,1,0
2229,1,1
2230,0,0
2231,0,0
2232,1,1
2233,0,0
2234,0,0
2235,0,0
2236,1,1
2237,1,1
2238,1,1
2239,1,1
2240,1,1
2241,0,0
2242,1,1
2243,0,0
2244,1,1
2245,1,1
2246,0,0
2247,1,1
2248,0,0
2249,1,1
2250,1,1
2251,1,1
2252,0,0
2253,1,1
2254,1,1
2255,1,1
2256,0,0
2257,1,0
2258,1,1
2259,0,0
2260,1,1
2261,1,1
2262,1,1
2263,1,0
2264,0,0
2265,0,0
2266,1,1
2267,1,1
2268,1,1
2269,0,0
2270,0,0
2271,1,1
2272,0,0
2273,1,1
2274,1,1
2275,1,1
2276,1,1
2277,0,0
2278,0,0
2279,1,1
2280,1,0
2281,0,0
2282,1,0
2283,0,0
2284,1,1
2285,1,1
2286,1,1
2287,0,0
2288,1,1
2289,0,0
2290,0,0
2291,1,1
2292,1,1
2293,0,0
2294,1,1
2295,0,0
2296,0,0
2297,0,0
2298,0,0
2299,1,1
2300,1,1
2301,1,1
2302,0,0
2303,1,1
2304,1,1
2305,1,1
2306,0,0
2307,1,1
2308,0,0
2309,0,0
2310,0,0
2311,0,0
2312,1,1
2313,0,0
2314,1,1
2315,0,1
2316,0,0
2317,1,1
2318,0,0
2319,1,1
2320,0,0
2321,0,0
2322,1,1
2323,1,1
2324,0,0
2325,1,1
2326,0,0
2327,1,1
2328,1,1
2329,0,0
2330,0,0
2331,1,1
2332,1,1
2333,1,1
2334,0,0
2335,0,0
2336,1,1
2337,1,1
2338,0,0
2339,0,0
2340,0,0
2341,0,0
2342,1,1
2343,0,0
2344,1,1
2345,0,0
2346,1,1
2347,0,0
2348,1,1
2349,0,1
2350,1,1
2351,1,1
2352,1,1
2353,0,0
2354,1,1
2355,1,1
2356,0,0
2357,0,0
2358,0,0
2359,1,1
2360,1,1
2361,0,0
2362,1,1
2363,1,1
2364,0,0
2365,1,1
2366,0,0
2367,0,0
2368,1,1
2369,1,1
2370,0,0
2371,0,0
2372,1,1
2373,1,1
2374,0,0
2375,0,0
2376,0,0
2377,0,0
2378,0,0
2379,1,0
2380,0,0
2381,1,1
2382,1,1
2383,0,0
2384,1,1
2385,1,1
2386,0,0
2387,0,0
2388,0,0
2389,1,1
2390,0,0
2391,1,1
2392,1,1
2393,0,0
2394,0,0
2395,1,1
2396,0,0
2397,1,1
2398,1,1
2399,0,0
2400,1,1
2401,0,0
2402,0,0
2403,0,0
2404,0,0
2405,0,0
2406,0,0
2407,0,0
2408,0,0
2409,1,1
2410,1,1
2411,1,1
2412,0,0
2413,1,1
2414,1,1
2415,0,0
2416,0,0
2417,1,1
2418,1,1
2419,1,0
2420,1,1
2421,0,1
2422,0,0
2423,0,0
2424,1,1
2425,1,0
2426,1,1
2427,0,0
2428,0,0
2429,1,1
2430,1,1
2431,1,1
2432,1,0
2433,1,1
2434,0,0
2435,0,0
2436,0,0
2437,0,0
2438,1,1
2439,0,0
2440,0,0
2441,0,0
2442,0,0
2443,1,1
2444,0,0
2445,1,1
2446,0,0
2447,1,1
2448,1,1
2449,0,0
2450,1,1
2451,0,0
2452,1,1
2453,1,1
2454,0,0
2455,0,0
2456,0,0
2457,1,1
2458,1,1
2459,1,1
2460,1,1
2461,1,0
2462,0,0
2463,1,1
2464,0,0
2465,1,1
2466,1,1
2467,1,1
2468,1,1
2469,0,0
2470,0,0
2471,1,1
2472,1,1
2473,1,1
2474,0,0
2475,1,1
2476,1,0
2477,0,0
2478,1,0
2479,1,1
2480,1,0
2481,0,0
2482,1,1
2483,1,1
2484,1,1
2485,0,0
2486,1,0
2487,1,1
2488,0,0
2489,0,0
2490,1,1
2491,0,0
2492,1,1
2493,0,0
2494,0,0
2495,1,1
2496,1,1
2497,0,0
2498,1,1
2499,0,1
2500,0,0
2501,0,0
2502,0,0
2503,1,1
2504,0,0
2505,1,1
2506,0,0
2507,0,1
2508,1,0
2509,0,0
2510,0,0
2511,0,0
2512,1,0
2513,1,1
2514,0,0
2515,0,0
2516,0,0
2517,0,0
2518,0,0
2519,1,1
2520,1,1
2521,0,0
2522,0,0
2523,1,1
2524,1,1
2525,1,1
2526,0,0
2527,1,1
2528,1,1
2529,1,1
2530,0,1
2531,1,1
2532,0,0
2533,1,0
2534,1,1
2535,0,0
2536,0,0
2537,0,0
2538,0,0
2539,1,1
2540,0,0
2541,1,1
2542,1,1
2543,0,0
2544,1,1
2545,0,0
2546,1,1
2547,0,0
2548,1,1
2549,1,1
2550,0,0
2551,1,1
2552,1,1
2553,0,0
2554,1,1
2555,0,1
2556,0,0
2557,1,1
2558,0,0
2559,0,0
2560,1,0
2561,1,1
2562,0,1
2563,0,0
2564,1,1
2565,1,1
2566,0,0
2567,0,0
2568,0,0
2569,0,0
2570,1,1
2571,1,1
2572,0,0
2573,0,0
2574,0,0
2575,0,0
2576,1,1
2577,1,1
2578,0,0
2579,0,0
2580,0,0
2581,1,0
2582,0,0
2583,1,1
2584,1,1
2585,0,0
2586,1,1
2587,1,1
2588,1,1
2589,1,1
2590,1,1
2591,0,0
2592,1,1
2593,1,1
2594,0,0
2595,1,1
2596,0,0
2597,0,0
2598,1,1
2599,1,1
2600,0,0
2601,0,0
2602,0,0
2603,1,1
2604,1,1
2605,1,1
2606,0,0
2607,0,0
2608,1,0
2609,1,1
2610,0,0
2611,0,0
2612,1,1
2613,0,0
2614,1,0
2615,0,0
2616,1,1
2617,0,0
2618,1,1
2619,1,1
2620,0,0
2621,0,0
2622,0,0
2623,0,0
2624,0,0
2625,1,1
2626,1,1
2627,0,0
2628,0,0
2629,0,0
2630,0,0
2631,1,1
2632,1,1
2633,1,1
2634,0,0
2635,1,1
2636,1,1
2637,0,0
2638,0,0
2639,0,0
2640,0,0
2641,0,0
2642,1,1
2643,1,1
2644,1,1
2645,0,0
2646,1,1
2647,1,1
2648,1,1
2649,1,1
2650,1,1
2651,0,0
2652,0,0
2653,1,1
2654,0,0
2655,1,1
2656,1,1
2657,1,1
2658,0,0
2659,0,0
2660,1,1
2661,0,0
2662,1,1
2663,1,1
2664,0,0
2665,1,1
2666,1,1
2667,0,0
2668,1,1
2669,0,0
2670,1,1
2671,1,1
2672,0,0
2673,1,1
2674,1,1
2675,0,0
2676,0,0
2677,1,1
2678,0,0
2679,1,1
2680,1,1
2681,0,0
2682,0,0
2683,0,0
2684,1,1
2685,0,0
2686,0,0
2687,1,0
2688,1,1
2689,1,1
2690,1,1
2691,1,1
2692,0,1
2693,0,0
2694,1,1
2695,0,1
2696,0,0
2697,1,1
2698,0,0
2699,0,1
2700,1,1
2701,1,1
2702,0,0
2703,0,0
2704,0,0
2705,1,1
2706,1,1
2707,1,1
2708,0,0
2709,1,1
2710,1,1
2711,1,1
2712,0,0
2713,1,1
2714,1,1
2715,1,0
2716,0,0
2717,1,1
2718,1,1
2719,1,1
2720,0,0
2721,0,0
2722,1,1
2723,0,0
2724,1,0
2725,1,1
2726,1,1
2727,0,0
2728,0,0
2729,1,1
2730,0,0
2731,1,1
2732,1,1
2733,1,1
2734,1,1
2735,1,1
2736,0,0
2737,1,1
2738,1,1
2739,1,1
2740,1,1
2741,0,0
2742,1,1
2743,0,0
2744,0,0
2745,0,0
2746,0,0
2747,0,0
2748,1,1
2749,0,0
2750,0,0
2751,0,0
2752,1,1
2753,0,0
2754,1,1
2755,1,1
2756,1,1
2757,0,0
2758,0,0
2759,1,1
2760,1,1
2761,0,0
2762,1,1
2763,1,1
2764,0,0
2765,0,0
2766,1,1
2767,1,0
2768,1,1
2769,1,1
2770,0,0
2771,1,1
2772,0,0
2773,1,1
2774,0,0
2775,1,1
2776,0,0
2777,1,1
2778,1,1
2779,1,1
2780,0,0
2781,1,1
2782,0,0
2783,0,0
2784,1,1
2785,0,1
2786,1,1
2787,1,1
2788,0,0
2789,0,0
2790,0,0
2791,1,1
2792,0,0
2793,0,1
2794,0,0
2795,1,1
2796,0,0
2797,0,0
2798,0,0
2799,1,0
2800,1,1
2801,0,0
2802,0,0
2803,1,1
2804,1,1
2805,1,1
2806,1,1
2807,1,1
2808,1,1
2809,0,0
2810,1,1
2811,1,1
2812,0,0
2813,1,1
2814,0,0
2815,1,1
2816,1,1
2817,1,1
2818,0,0
2819,1,0
2820,1,1
2821,0,0
2822,1,1
2823,1,1
2824,0,0
2825,0,0
2826,1,1
2827,1,1
2828,0,1
2829,0,0
2830,0,0
2831,0,0
2832,1,1
2833,1,1
2834,1,1
2835,0,0
2836,0,0
2837,0,0
2838,0,0
2839,1,1
2840,0,0
2841,1,1
2842,0,0
2843,0,0
2844,1,1
2845,1,1
2846,1,1
2847,0,0
2848,1,1
2849,1,1
2850,1,1
2851,1,0
2852,1,1
2853,1,1
2854,0,0
2855,1,1
2856,1,1
2857,1,1
2858,1,1
2859,1,1
2860,1,1
2861,0,0
2862,0,0
2863,0,0
2864,1,1
2865,1,1
2866,0,0
2867,0,0
2868,1,1
2869,0,0
2870,0,0
2871,0,0
2872,1,1
2873,1,1
2874,0,0
2875,1,1
2876,1,1
2877,1,1
2878,1,1
2879,1,1
2880,0,0
2881,1,1
2882,0,0
2883,1,1
2884,1,1
2885,1,1
2886,0,0
2887,0,0
2888,1,1
2889,0,1
2890,0,0
2891,0,0
2892,1,1
2893,1,1
2894,1,1
2895,0,0
2896,1,1
2897,1,1
2898,1,1
2899,0,0
2900,0,0
2901,0,0
2902,1,1
2903,0,0
2904,0,0
2905,1,1
2906,0,0
2907,0,0
2908,1,1
2909,0,0
2910,0,0
2911,0,0
2912,0,0
2913,1,1
2914,0,0
2915,0,0
2916,1,1
2917,0,0
2918,1,1
2919,0,0
2920,0,0
2921,0,0
2922,1,1
2923,0,1
2924,1,1
2925,0,0
2926,0,0
2927,1,1
2928,0,0
2929,0,0
2930,1,1
2931,1,1
2932,0,1
2933,1,1
2934,0,0
2935,1,1
2936,1,1
2937,1,1
2938,1,1
2939,0,1
2940,0,0
2941,1,1
2942,1,1
2943,1,1
2944,0,0
2945,0,0
2946,0,0
2947,1,1
2948,0,0
2949,1,0
2950,0,0
2951,1,1
2952,0,0
2953,1,1
2954,1,1
2955,1,1
2956,1,1
2957,1,1
2958,0,0
2959,0,1
2960,1,1
2961,0,0
2962,0,1
2963,1,1
2964,0,0
2965,0,0
2966,0,0
2967,0,0
2968,0,0
2969,0,0
2970,0,0
2971,0,0
2972,0,0
2973,0,0
2974,1,1
2975,1,1
2976,0,0
2977,0,0
2978,1,1
2979,0,0
2980,0,0
2981,1,1
2982,1,1
2983,0,0
2984,0,1
2985,0,0
2986,0,0
2987,0,0
2988,1,1
2989,0,0
2990,1,1
2991,1,1
2992,1,1
2993,0,0
2994,1,1
2995,1,1
2996,0,0
2997,1,1
2998,1,1
2999,0,0
3000,1,1
3001,1,1
3002,1,1
3003,1,1
3004,0,0
3005,0,1
3006,0,0
3007,0,0
3008,1,1
3009,0,0
3010,1,1
3011,1,0
3012,0,0
3013,0,0
3014,1,1
3015,0,0
3016,0,0
3017,1,1
3018,1,1
3019,0,0
3020,1,1
3021,1,1
3022,0,0
3023,0,0
3024,0,0
3025,0,0
3026,0,0
3027,1,1
3028,0,0
3029,0,0
3030,1,1
3031,0,0
3032,1,1
3033,0,0
3034,1,1
3035,1,0
3036,0,0
3037,1,1
3038,1,1
3039,1,0
3040,1,1
3041,0,0
3042,0,0
3043,1,1
3044,1,1
3045,0,0
3046,1,1
3047,0,0
3048,0,0
3049,1,1
3050,1,1
3051,0,0
3052,0,0
3053,0,0
3054,0,0
3055,0,0
3056,0,0
3057,0,0
3058,0,0
3059,1,1
3060,0,0
3061,1,1
3062,1,1
3063,0,0
3064,1,1
3065,0,0
3066,0,0
3067,1,1
3068,0,0
3069,1,1
3070,1,1
3071,1,1
3072,0,0
3073,0,0
3074,0,0
3075,1,1
3076,0,0
3077,0,0
3078,1,1
3079,1,1
3080,0,0
3081,1,1
3082,0,0
3083,1,1
3084,1,1
3085,0,0
3086,1,1
3087,1,1
3088,1,1
3089,1,1
3090,0,0
3091,0,0
3092,1,1
3093,1,1
3094,1,1
3095,0,0
3096,0,0
3097,0,0
3098,1,1
3099,1,1
3100,0,0
3101,1,1
3102,0,0
3103,1,1
3104,0,0
3105,0,0
3106,0,0
3107,1,1
3108,1,0
3109,1,1
3110,1,1
3111,1,0
3112,1,0
3113,0,0
3114,1,1
3115,0,0
3116,1,1
3117,0,0
3118,0,1
3119,1,1
3120,0,0
3121,1,1
3122,1,1
3123,1,1
3124,1,1
3125,0,0
3126,1,1
3127,0,0
3128,0,0
3129,0,0
3130,0,0
3131,1,1
3132,1,1
3133,0,0
3134,1,1
3135,1,1
3136,1,1
3137,1,1
3138,0,0
3139,1,1
3140,0,0
3141,0,0
3142,1,1
3143,1,1
3144,0,0
3145,0,0
3146,0,0
3147,0,0
3148,0,0
3149,0,1
3150,1,1
3151,0,0
3152,0,0
3153,1,1
3154,0,0
3155,0,0
3156,0,0
3157,1,1
3158,0,0
3159,1,1
3160,0,1
3161,1,1
3162,0,0
3163,0,0
3164,1,1
3165,0,0
3166,0,1
3167,1,1
3168,0,1
3169,0,0
3170,0,0
3171,1,1
3172,0,0
3173,1,1
3174,1,1
3175,0,0
3176,0,0
3177,1,1
3178,0,0
3179,1,1
3180,1,1
3181,1,1
3182,0,0
3183,0,0
3184,0,0
3185,0,0
3186,1,1
3187,1,1
3188,0,0
3189,1,1
3190,1,1
3191,0,0
3192,0,1
3193,0,0
3194,1,1
3195,0,0
3196,1,1
3197,0,0
3198,1,1
3199,0,0
3200,1,1
3201,0,0
3202,0,0
3203,1,1
3204,1,1
3205,0,0
3206,1,1
3207,0,0
3208,0,0
3209,1,1
3210,1,1
3211,0,1
3212,0,0
3213,0,0
3214,0,0
3215,0,0
3216,1,1
3217,1,1
3218,1,1
3219,0,0
3220,1,1
3221,0,0
3222,0,0
3223,0,0
3224,0,0
3225,0,0
3226,0,0
3227,1,1
3228,1,1
3229,1,1
3230,0,0
3231,0,0
3232,0,0
3233,1,1
3234,0,0
3235,1,1
3236,1,1
3237,0,0
3238,1,1
3239,1,1
3240,1,1
3241,1,1
3242,1,1
3243,0,0
3244,0,0
3245,0,0
3246,1,1
3247,0,0
3248,1,1
3249,1,1
3250,1,1
3251,0,0
3252,0,1
3253,0,0
3254,1,1
3255,1,1
3256,1,1
3257,0,0
3258,1,1
3259,1,1
3260,1,1
3261,0,0
3262,1,1
3263,1,1
3264,1,0
3265,0,0
3266,0,0
3267,0,0
3268,1,1
3269,1,1
3270,1,1
3271,0,0
3272,1,1
3273,0,0
3274,0,0
3275,0,0
3276,1,1
3277,0,0
3278,1,1
3279,0,0
3280,1,1
3281,1,1
3282,1,1
3283,1,1
3284,1,1
3285,0,0
3286,0,0
3287,1,1
3288,0,0
3289,1,1
3290,1,1
3291,0,0
3292,1,1
3293,0,0
3294,0,0
3295,0,0
3296,1,1
3297,1,1
3298,0,0
3299,1,1
3300,1,1
3301,1,1
3302,0,0
3303,0,0
3304,1,1
3305,0,0
3306,0,0
3307,0,0
3308,0,0
3309,0,0
3310,0,0
3311,0,1
3312,1,1
3313,0,0
3314,1,1
3315,1,1
3316,1,1
3317,1,1
3318,0,0
3319,1,1
3320,1,1
3321,1,1
3322,0,0
3323,1,1
